{"/*":["X-Frame-Options: DENY","X-XSS-Protection: 1; mode=block","X-Content-Type-Options: nosniff","Referrer-Policy: same-origin"],"/styles.b67521538e48d858cc99.css":["Cache-Control: public, max-age=31536000, immutable"],"/commons-2bbc3047e4639fbee0d7.js":["Cache-Control: public, max-age=31536000, immutable"],"/component---src-pages-404-js-7cb02761836193f10f6c.js":["Cache-Control: public, max-age=31536000, immutable"],"/component---src-pages-about-js-fe1c3e68c96bbd333bc8.js":["Cache-Control: public, max-age=31536000, immutable"],"/component---src-pages-body-js-c7addf89b22df405f4a3.js":["Cache-Control: public, max-age=31536000, immutable"],"/component---src-pages-contacts-js-8fb17b9ab4a2b1098aad.js":["Cache-Control: public, max-age=31536000, immutable"],"/component---src-pages-face-js-56a4f1757523d8eec626.js":["Cache-Control: public, max-age=31536000, immutable"],"/component---src-pages-index-js-ebfa96d265715de8f06b.js":["Cache-Control: public, max-age=31536000, immutable"],"/42c5d4c19e341b3a9fb8333e039f10ce204ad608-fabc165c372892b914f5.js":["Cache-Control: public, max-age=31536000, immutable"],"/component---src-pages-lashes-js-e0a01f22e0401647ba0c.js":["Cache-Control: public, max-age=31536000, immutable"],"/component---src-pages-makeup-js-ceb76b0696d916bdd25b.js":["Cache-Control: public, max-age=31536000, immutable"],"/component---src-pages-nails-js-6787d0b313c6a1316224.js":["Cache-Control: public, max-age=31536000, immutable"],"/component---src-pages-spa-js-b249a350b5cd28dbfffc.js":["Cache-Control: public, max-age=31536000, immutable"],"/webpack-runtime-87a5a737082038006606.js":["Cache-Control: public, max-age=31536000, immutable"],"/framework-9778592cf82118ae18e2.js":["Cache-Control: public, max-age=31536000, immutable"],"/app-8340a4c221b39463a322.js":["Cache-Control: public, max-age=31536000, immutable"],"/static/*":["Cache-Control: public, max-age=31536000, immutable"],"/sw.js":["Cache-Control: public, max-age=0, must-revalidate"],"/404/":["Link: </webpack-runtime-87a5a737082038006606.js>; rel=preload; as=script; nopush","Link: </framework-9778592cf82118ae18e2.js>; rel=preload; as=script; nopush","Link: </app-8340a4c221b39463a322.js>; rel=preload; as=script; nopush","Link: </commons-2bbc3047e4639fbee0d7.js>; rel=preload; as=script; nopush","Link: </component---src-pages-404-js-7cb02761836193f10f6c.js>; rel=preload; as=script; nopush","Link: </page-data/app-data.json>; rel=preload; as=fetch; crossorigin; nopush","Link: </page-data/404/page-data.json>; rel=preload; as=fetch; crossorigin; nopush"],"/about/":["Link: </webpack-runtime-87a5a737082038006606.js>; rel=preload; as=script; nopush","Link: </framework-9778592cf82118ae18e2.js>; rel=preload; as=script; nopush","Link: </app-8340a4c221b39463a322.js>; rel=preload; as=script; nopush","Link: </commons-2bbc3047e4639fbee0d7.js>; rel=preload; as=script; nopush","Link: </component---src-pages-about-js-fe1c3e68c96bbd333bc8.js>; rel=preload; as=script; nopush","Link: </page-data/app-data.json>; rel=preload; as=fetch; crossorigin; nopush","Link: </page-data/about/page-data.json>; rel=preload; as=fetch; crossorigin; nopush"],"/body/":["Link: </webpack-runtime-87a5a737082038006606.js>; rel=preload; as=script; nopush","Link: </framework-9778592cf82118ae18e2.js>; rel=preload; as=script; nopush","Link: </app-8340a4c221b39463a322.js>; rel=preload; as=script; nopush","Link: </commons-2bbc3047e4639fbee0d7.js>; rel=preload; as=script; nopush","Link: </component---src-pages-body-js-c7addf89b22df405f4a3.js>; rel=preload; as=script; nopush","Link: </page-data/app-data.json>; rel=preload; as=fetch; crossorigin; nopush","Link: </page-data/body/page-data.json>; rel=preload; as=fetch; crossorigin; nopush"],"/contacts/":["Link: </webpack-runtime-87a5a737082038006606.js>; rel=preload; as=script; nopush","Link: </framework-9778592cf82118ae18e2.js>; rel=preload; as=script; nopush","Link: </app-8340a4c221b39463a322.js>; rel=preload; as=script; nopush","Link: </commons-2bbc3047e4639fbee0d7.js>; rel=preload; as=script; nopush","Link: </component---src-pages-contacts-js-8fb17b9ab4a2b1098aad.js>; rel=preload; as=script; nopush","Link: </page-data/app-data.json>; rel=preload; as=fetch; crossorigin; nopush","Link: </page-data/contacts/page-data.json>; rel=preload; as=fetch; crossorigin; nopush"],"/face/":["Link: </webpack-runtime-87a5a737082038006606.js>; rel=preload; as=script; nopush","Link: </framework-9778592cf82118ae18e2.js>; rel=preload; as=script; nopush","Link: </app-8340a4c221b39463a322.js>; rel=preload; as=script; nopush","Link: </commons-2bbc3047e4639fbee0d7.js>; rel=preload; as=script; nopush","Link: </component---src-pages-face-js-56a4f1757523d8eec626.js>; rel=preload; as=script; nopush","Link: </page-data/app-data.json>; rel=preload; as=fetch; crossorigin; nopush","Link: </page-data/face/page-data.json>; rel=preload; as=fetch; crossorigin; nopush"],"/":["Link: </webpack-runtime-87a5a737082038006606.js>; rel=preload; as=script; nopush","Link: </framework-9778592cf82118ae18e2.js>; rel=preload; as=script; nopush","Link: </app-8340a4c221b39463a322.js>; rel=preload; as=script; nopush","Link: </commons-2bbc3047e4639fbee0d7.js>; rel=preload; as=script; nopush","Link: </component---src-pages-index-js-ebfa96d265715de8f06b.js>; rel=preload; as=script; nopush","Link: </page-data/app-data.json>; rel=preload; as=fetch; crossorigin; nopush","Link: </page-data/index/page-data.json>; rel=preload; as=fetch; crossorigin; nopush"],"/lashes/":["Link: </webpack-runtime-87a5a737082038006606.js>; rel=preload; as=script; nopush","Link: </framework-9778592cf82118ae18e2.js>; rel=preload; as=script; nopush","Link: </app-8340a4c221b39463a322.js>; rel=preload; as=script; nopush","Link: </commons-2bbc3047e4639fbee0d7.js>; rel=preload; as=script; nopush","Link: </42c5d4c19e341b3a9fb8333e039f10ce204ad608-fabc165c372892b914f5.js>; rel=preload; as=script; nopush","Link: </component---src-pages-lashes-js-e0a01f22e0401647ba0c.js>; rel=preload; as=script; nopush","Link: </page-data/app-data.json>; rel=preload; as=fetch; crossorigin; nopush","Link: </page-data/lashes/page-data.json>; rel=preload; as=fetch; crossorigin; nopush"],"/makeup/":["Link: </webpack-runtime-87a5a737082038006606.js>; rel=preload; as=script; nopush","Link: </framework-9778592cf82118ae18e2.js>; rel=preload; as=script; nopush","Link: </app-8340a4c221b39463a322.js>; rel=preload; as=script; nopush","Link: </commons-2bbc3047e4639fbee0d7.js>; rel=preload; as=script; nopush","Link: </component---src-pages-makeup-js-ceb76b0696d916bdd25b.js>; rel=preload; as=script; nopush","Link: </page-data/app-data.json>; rel=preload; as=fetch; crossorigin; nopush","Link: </page-data/makeup/page-data.json>; rel=preload; as=fetch; crossorigin; nopush"],"/nails/":["Link: </webpack-runtime-87a5a737082038006606.js>; rel=preload; as=script; nopush","Link: </framework-9778592cf82118ae18e2.js>; rel=preload; as=script; nopush","Link: </app-8340a4c221b39463a322.js>; rel=preload; as=script; nopush","Link: </commons-2bbc3047e4639fbee0d7.js>; rel=preload; as=script; nopush","Link: </42c5d4c19e341b3a9fb8333e039f10ce204ad608-fabc165c372892b914f5.js>; rel=preload; as=script; nopush","Link: </component---src-pages-nails-js-6787d0b313c6a1316224.js>; rel=preload; as=script; nopush","Link: </page-data/app-data.json>; rel=preload; as=fetch; crossorigin; nopush","Link: </page-data/nails/page-data.json>; rel=preload; as=fetch; crossorigin; nopush"],"/spa/":["Link: </webpack-runtime-87a5a737082038006606.js>; rel=preload; as=script; nopush","Link: </framework-9778592cf82118ae18e2.js>; rel=preload; as=script; nopush","Link: </app-8340a4c221b39463a322.js>; rel=preload; as=script; nopush","Link: </commons-2bbc3047e4639fbee0d7.js>; rel=preload; as=script; nopush","Link: </component---src-pages-spa-js-b249a350b5cd28dbfffc.js>; rel=preload; as=script; nopush","Link: </page-data/app-data.json>; rel=preload; as=fetch; crossorigin; nopush","Link: </page-data/spa/page-data.json>; rel=preload; as=fetch; crossorigin; nopush"],"/404.html":["Link: </webpack-runtime-87a5a737082038006606.js>; rel=preload; as=script; nopush","Link: </framework-9778592cf82118ae18e2.js>; rel=preload; as=script; nopush","Link: </app-8340a4c221b39463a322.js>; rel=preload; as=script; nopush","Link: </commons-2bbc3047e4639fbee0d7.js>; rel=preload; as=script; nopush","Link: </component---src-pages-404-js-7cb02761836193f10f6c.js>; rel=preload; as=script; nopush","Link: </page-data/app-data.json>; rel=preload; as=fetch; crossorigin; nopush","Link: </page-data/404.html/page-data.json>; rel=preload; as=fetch; crossorigin; nopush"]}