{"polyfill":["/polyfill-16acd7bfaaa3d790df29.js"],"app":["/app-8340a4c221b39463a322.js"],"component---src-pages-404-js":["/component---src-pages-404-js-7cb02761836193f10f6c.js"],"component---src-pages-about-js":["/component---src-pages-about-js-fe1c3e68c96bbd333bc8.js"],"component---src-pages-body-js":["/component---src-pages-body-js-c7addf89b22df405f4a3.js"],"component---src-pages-contacts-js":["/component---src-pages-contacts-js-8fb17b9ab4a2b1098aad.js"],"component---src-pages-face-js":["/component---src-pages-face-js-56a4f1757523d8eec626.js"],"component---src-pages-index-js":["/component---src-pages-index-js-ebfa96d265715de8f06b.js"],"component---src-pages-lashes-js":["/component---src-pages-lashes-js-e0a01f22e0401647ba0c.js"],"component---src-pages-makeup-js":["/component---src-pages-makeup-js-ceb76b0696d916bdd25b.js"],"component---src-pages-nails-js":["/component---src-pages-nails-js-6787d0b313c6a1316224.js"],"component---src-pages-spa-js":["/component---src-pages-spa-js-b249a350b5cd28dbfffc.js"]}