{"namedChunkGroups":{"polyfill":{"name":"polyfill","assets":[{"name":"webpack-runtime-87a5a737082038006606.js","size":5457},{"name":"polyfill-16acd7bfaaa3d790df29.js","size":82622}],"filteredAssets":0,"assetsSize":88079,"filteredAuxiliaryAssets":2,"auxiliaryAssetsSize":221827},"app":{"name":"app","assets":[{"name":"webpack-runtime-87a5a737082038006606.js","size":5457},{"name":"framework-9778592cf82118ae18e2.js","size":128949},{"name":"app-8340a4c221b39463a322.js","size":69033}],"filteredAssets":0,"assetsSize":203439,"filteredAuxiliaryAssets":3,"auxiliaryAssetsSize":651561},"component---src-pages-404-js":{"name":"component---src-pages-404-js","assets":[{"name":"styles.b67521538e48d858cc99.css","size":160581},{"name":"commons-2bbc3047e4639fbee0d7.js","size":26147},{"name":"component---src-pages-404-js-7cb02761836193f10f6c.js","size":477}],"filteredAssets":0,"assetsSize":187205,"filteredAuxiliaryAssets":2,"auxiliaryAssetsSize":81221},"component---src-pages-about-js":{"name":"component---src-pages-about-js","assets":[{"name":"styles.b67521538e48d858cc99.css","size":160581},{"name":"commons-2bbc3047e4639fbee0d7.js","size":26147},{"name":"component---src-pages-about-js-fe1c3e68c96bbd333bc8.js","size":533}],"filteredAssets":0,"assetsSize":187261,"filteredAuxiliaryAssets":2,"auxiliaryAssetsSize":81456},"component---src-pages-body-js":{"name":"component---src-pages-body-js","assets":[{"name":"styles.b67521538e48d858cc99.css","size":160581},{"name":"commons-2bbc3047e4639fbee0d7.js","size":26147},{"name":"component---src-pages-body-js-c7addf89b22df405f4a3.js","size":525}],"filteredAssets":0,"assetsSize":187253,"filteredAuxiliaryAssets":2,"auxiliaryAssetsSize":81445},"component---src-pages-contacts-js":{"name":"component---src-pages-contacts-js","assets":[{"name":"styles.b67521538e48d858cc99.css","size":160581},{"name":"commons-2bbc3047e4639fbee0d7.js","size":26147},{"name":"component---src-pages-contacts-js-8fb17b9ab4a2b1098aad.js","size":533}],"filteredAssets":0,"assetsSize":187261,"filteredAuxiliaryAssets":2,"auxiliaryAssetsSize":81467},"component---src-pages-face-js":{"name":"component---src-pages-face-js","assets":[{"name":"styles.b67521538e48d858cc99.css","size":160581},{"name":"commons-2bbc3047e4639fbee0d7.js","size":26147},{"name":"component---src-pages-face-js-56a4f1757523d8eec626.js","size":522}],"filteredAssets":0,"assetsSize":187250,"filteredAuxiliaryAssets":2,"auxiliaryAssetsSize":81442},"component---src-pages-index-js":{"name":"component---src-pages-index-js","assets":[{"name":"styles.b67521538e48d858cc99.css","size":160581},{"name":"commons-2bbc3047e4639fbee0d7.js","size":26147},{"name":"component---src-pages-index-js-ebfa96d265715de8f06b.js","size":81451}],"filteredAssets":0,"assetsSize":268179,"filteredAuxiliaryAssets":2,"auxiliaryAssetsSize":273069},"component---src-pages-lashes-js":{"name":"component---src-pages-lashes-js","assets":[{"name":"styles.b67521538e48d858cc99.css","size":160581},{"name":"commons-2bbc3047e4639fbee0d7.js","size":26147},{"name":"42c5d4c19e341b3a9fb8333e039f10ce204ad608-fabc165c372892b914f5.js","size":52627},{"name":"component---src-pages-lashes-js-e0a01f22e0401647ba0c.js","size":10972}],"filteredAssets":0,"assetsSize":250327,"filteredAuxiliaryAssets":3,"auxiliaryAssetsSize":155659},"component---src-pages-makeup-js":{"name":"component---src-pages-makeup-js","assets":[{"name":"styles.b67521538e48d858cc99.css","size":160581},{"name":"commons-2bbc3047e4639fbee0d7.js","size":26147},{"name":"component---src-pages-makeup-js-ceb76b0696d916bdd25b.js","size":529}],"filteredAssets":0,"assetsSize":187257,"filteredAuxiliaryAssets":2,"auxiliaryAssetsSize":81455},"component---src-pages-nails-js":{"name":"component---src-pages-nails-js","assets":[{"name":"styles.b67521538e48d858cc99.css","size":160581},{"name":"commons-2bbc3047e4639fbee0d7.js","size":26147},{"name":"42c5d4c19e341b3a9fb8333e039f10ce204ad608-fabc165c372892b914f5.js","size":52627},{"name":"component---src-pages-nails-js-6787d0b313c6a1316224.js","size":15176}],"filteredAssets":0,"assetsSize":254531,"filteredAuxiliaryAssets":3,"auxiliaryAssetsSize":161154},"component---src-pages-spa-js":{"name":"component---src-pages-spa-js","assets":[{"name":"styles.b67521538e48d858cc99.css","size":160581},{"name":"commons-2bbc3047e4639fbee0d7.js","size":26147},{"name":"component---src-pages-spa-js-b249a350b5cd28dbfffc.js","size":518}],"filteredAssets":0,"assetsSize":187246,"filteredAuxiliaryAssets":2,"auxiliaryAssetsSize":81436}},"assetsByChunkName":{"polyfill":["webpack-runtime-87a5a737082038006606.js","polyfill-16acd7bfaaa3d790df29.js"],"app":["webpack-runtime-87a5a737082038006606.js","framework-9778592cf82118ae18e2.js","app-8340a4c221b39463a322.js"],"component---src-pages-404-js":["styles.b67521538e48d858cc99.css","commons-2bbc3047e4639fbee0d7.js","component---src-pages-404-js-7cb02761836193f10f6c.js"],"component---src-pages-about-js":["styles.b67521538e48d858cc99.css","commons-2bbc3047e4639fbee0d7.js","component---src-pages-about-js-fe1c3e68c96bbd333bc8.js"],"component---src-pages-body-js":["styles.b67521538e48d858cc99.css","commons-2bbc3047e4639fbee0d7.js","component---src-pages-body-js-c7addf89b22df405f4a3.js"],"component---src-pages-contacts-js":["styles.b67521538e48d858cc99.css","commons-2bbc3047e4639fbee0d7.js","component---src-pages-contacts-js-8fb17b9ab4a2b1098aad.js"],"component---src-pages-face-js":["styles.b67521538e48d858cc99.css","commons-2bbc3047e4639fbee0d7.js","component---src-pages-face-js-56a4f1757523d8eec626.js"],"component---src-pages-index-js":["styles.b67521538e48d858cc99.css","commons-2bbc3047e4639fbee0d7.js","component---src-pages-index-js-ebfa96d265715de8f06b.js"],"component---src-pages-lashes-js":["styles.b67521538e48d858cc99.css","commons-2bbc3047e4639fbee0d7.js","42c5d4c19e341b3a9fb8333e039f10ce204ad608-fabc165c372892b914f5.js","component---src-pages-lashes-js-e0a01f22e0401647ba0c.js"],"component---src-pages-makeup-js":["styles.b67521538e48d858cc99.css","commons-2bbc3047e4639fbee0d7.js","component---src-pages-makeup-js-ceb76b0696d916bdd25b.js"],"component---src-pages-nails-js":["styles.b67521538e48d858cc99.css","commons-2bbc3047e4639fbee0d7.js","42c5d4c19e341b3a9fb8333e039f10ce204ad608-fabc165c372892b914f5.js","component---src-pages-nails-js-6787d0b313c6a1316224.js"],"component---src-pages-spa-js":["styles.b67521538e48d858cc99.css","commons-2bbc3047e4639fbee0d7.js","component---src-pages-spa-js-b249a350b5cd28dbfffc.js"]},"childAssetsByChunkName":{}}